sale_id,customer_id,product_id,region_id,sale_date,quantity,unit_price,total_price
5001,137,1009,9,2025-09-01,3,11895,35685
5002,210,1072,9,2025-05-16,4,22931,91724
5003,396,1186,8,2025-09-06,5,32993,164965
5004,198,1122,2,2025-04-10,4,78604,314416
5005,282,1169,7,2026-02-25,4,17328,69312
5006,445,1120,2,2025-03-04,1,50932,50932
5007,510,1104,2,2025-09-12,3,56655,169965
5008,375,1050,8,2025-05-24,2,72857,145714
5009,243,1109,8,2025-09-13,2,18631,37262
5010,514,1020,9,2025-04-11,4,74063,296252
5011,529,1013,1,2025-04-06,5,4405,22025
5012,186,1193,7,2026-05-13,2,30661,61322
5013,543,1124,7,2025-03-02,2,69852,139704
5014,102,1043,7,2025-09-29,4,35171,140684
5015,317,1117,9,2026-11-09,3,55833,167499
5016,180,1184,4,2025-10-31,4,59677,238708
5017,397,1056,9,2025-03-04,1,6506,6506
5018,130,1192,1,2026-08-22,3,73103,219309
5019,571,1123,9,2025-06-11,5,61848,309240
5020,142,1015,3,2025-03-12,5,29157,145785
5021,446,1153,4,2026-02-18,1,42987,42987
5022,227,1031,10,2026-09-01,5,45097,225485
5023,142,1011,7,2026-11-05,5,55802,279010
5024,368,1150,6,2025-09-25,5,70014,350070
5025,223,1053,5,2026-02-10,3,76174,228522
5026,335,1034,6,2025-03-16,3,28721,86163
5027,419,1003,10,2025-04-13,4,36548,146192
5028,210,1019,9,2025-09-29,5,3978,19890
5029,552,1034,2,2025-09-08,3,28721,86163
5030,181,1095,8,2026-07-11,3,60642,181926
5031,414,1181,9,2025-01-09,3,49444,148332
5032,254,1171,2,2025-05-18,5,72563,362815
5033,556,1068,2,2026-07-21,1,47066,47066
5034,245,1040,10,2025-08-04,3,47552,142656
5035,205,1184,5,2026-06-02,3,59677,179031
5036,564,1126,1,2025-04-05,3,73012,219036
5037,525,1163,5,2025-02-15,4,10822,43288
5038,495,1001,3,2026-10-15,3,15092,45276
5039,480,1068,8,2026-07-19,2,47066,94132
5040,388,1181,1,2025-04-25,4,49444,197776
5041,380,1020,1,2026-01-14,2,74063,148126
5042,176,1150,7,2025-05-11,5,70014,350070
5043,287,1011,1,2026-01-02,3,55802,167406
5044,442,1054,2,2025-12-29,2,25703,51406
5045,553,1200,7,2026-09-28,5,9334,46670
5046,574,1192,4,2025-06-16,2,73103,146206
5047,113,1046,3,2025-12-07,4,70784,283136
5048,237,1106,3,2026-12-20,2,52850,105700
5049,547,1028,1,2026-04-27,4,1351,5404
5050,519,1057,8,2025-12-25,2,30371,60742
5051,215,1079,1,2026-11-07,2,73500,147000
5052,269,1050,5,2025-03-13,4,72857,291428
5053,280,1198,9,2026-02-14,3,8216,24648
5054,270,1174,1,2025-04-29,5,69663,348315
5055,398,1067,5,2025-02-09,2,49020,98040
5056,323,1028,6,2025-11-18,5,1351,6755
5057,362,1112,2,2026-01-30,5,12415,62075
5058,231,1148,1,2026-12-27,2,21674,43348
5059,367,1112,9,2026-12-05,1,12415,12415
5060,287,1185,7,2025-03-13,2,16360,32720
5061,420,1171,6,2026-11-11,3,72563,217689
5062,360,1032,5,2026-11-14,3,36921,110763
5063,307,1105,5,2026-07-22,3,76984,230952
5064,316,1033,7,2026-11-25,2,20879,41758
5065,416,1192,10,2025-11-05,2,73103,146206
5066,527,1104,1,2025-11-08,5,56655,283275
5067,321,1074,10,2026-09-14,2,32587,65174
5068,339,1168,8,2026-03-29,3,16983,50949
5069,362,1173,8,2025-06-23,2,35241,70482
5070,246,1169,9,2026-11-11,1,17328,17328
5071,272,1163,2,2025-08-29,5,10822,54110
5072,216,1173,4,2025-05-31,3,35241,105723
5073,226,1007,8,2026-09-18,1,13934,13934
5074,334,1197,7,2026-10-07,1,9805,9805
5075,468,1148,7,2026-05-22,2,21674,43348
5076,176,1103,1,2025-04-20,2,77122,154244
5077,213,1200,3,2026-12-14,4,9334,37336
5078,126,1133,9,2025-09-13,4,38969,155876
5079,169,1032,8,2026-11-15,4,36921,147684
5080,405,1136,6,2026-03-30,5,59970,299850
5081,319,1157,9,2026-04-02,5,48076,240380
5082,331,1041,5,2025-09-11,4,45582,182328
5083,493,1164,9,2026-05-12,3,11726,35178
5084,241,1161,8,2025-03-21,2,32071,64142
5085,221,1183,5,2025-12-10,3,68339,205017
5086,142,1082,3,2025-06-04,5,7831,39155
5087,456,1060,3,2026-12-25,4,31012,124048
5088,313,1055,7,2025-12-05,1,9616,9616
5089,313,1139,1,2025-07-31,4,66112,264448
5090,564,1108,10,2026-12-14,4,29246,116984
5091,295,1006,8,2025-01-07,5,18789,93945
5092,486,1091,7,2026-03-06,3,41745,125235
5093,510,1138,10,2025-08-14,5,35022,175110
5094,240,1125,7,2026-05-13,2,33453,66906
5095,273,1008,7,2025-06-19,4,71982,287928
5096,419,1120,9,2025-01-28,2,50932,101864
5097,389,1101,1,2025-03-27,5,71144,355720
5098,170,1165,8,2025-07-06,4,64199,256796
5099,295,1013,6,2025-08-05,3,4405,13215
5100,273,1117,7,2025-10-12,3,55833,167499
5101,230,1193,2,2026-04-27,4,30661,122644
5102,127,1005,6,2025-08-18,5,29756,148780
5103,500,1167,1,2025-02-01,1,70322,70322
5104,530,1064,1,2026-09-29,2,59929,119858
5105,165,1040,8,2026-11-17,2,47552,95104
5106,586,1030,4,2026-04-22,5,55892,279460
5107,493,1180,6,2025-06-21,3,52796,158388
5108,594,1156,2,2025-06-17,5,15162,75810
5109,397,1080,1,2025-11-16,1,29285,29285
5110,304,1148,4,2025-03-19,4,21674,86696
5111,153,1152,5,2026-12-02,2,79004,158008
5112,508,1154,10,2025-02-12,1,64542,64542
5113,320,1089,6,2025-03-12,5,28153,140765
5114,107,1130,7,2026-05-17,3,35473,106419
5115,592,1028,6,2026-10-13,4,1351,5404
5116,323,1118,3,2026-06-19,2,78672,157344
5117,416,1167,9,2026-05-11,3,70322,210966
5118,523,1120,10,2025-10-02,4,50932,203728
5119,526,1083,2,2025-10-13,2,30521,61042
5120,485,1116,8,2026-08-07,2,21469,42938
5121,273,1157,1,2026-05-22,4,48076,192304
5122,350,1084,4,2025-12-30,2,4707,9414
5123,244,1067,10,2026-12-20,3,49020,147060
5124,106,1071,9,2025-07-15,5,9858,49290
5125,469,1022,7,2026-05-16,2,71926,143852
5126,454,1143,8,2026-10-24,2,39617,79234
5127,330,1183,1,2025-04-06,4,68339,273356
5128,308,1076,4,2025-11-10,2,61089,122178
5129,289,1170,8,2026-07-21,5,62796,313980
5130,318,1136,9,2025-12-05,3,59970,179910
5131,239,1091,5,2025-09-15,4,41745,166980
5132,470,1060,4,2025-11-20,1,31012,31012
5133,587,1031,3,2025-07-16,5,45097,225485
5134,242,1056,10,2026-06-22,4,6506,26024
5135,152,1153,4,2025-10-31,3,42987,128961
5136,192,1059,5,2025-01-15,3,10958,32874
5137,165,1182,5,2025-02-16,5,57922,289610
5138,250,1014,3,2026-10-16,5,12780,63900
5139,153,1193,1,2026-08-11,4,30661,122644
5140,346,1073,8,2025-12-15,4,70510,282040
5141,230,1048,8,2025-04-27,1,50115,50115
5142,352,1017,2,2026-08-14,4,66737,266948
5143,178,1162,3,2026-07-31,1,74864,74864
5144,228,1078,2,2026-07-26,1,35882,35882
5145,411,1196,10,2026-09-26,4,1442,5768
5146,295,1058,8,2026-03-30,5,38430,192150
5147,320,1077,5,2026-08-06,5,50235,251175
5148,413,1159,2,2025-08-01,1,31885,31885
5149,236,1161,2,2025-06-10,2,32071,64142
5150,383,1062,2,2025-06-10,2,50323,100646
5151,331,1001,10,2026-04-27,4,15092,60368
5152,219,1075,5,2026-12-25,1,21917,21917
5153,137,1073,4,2025-09-28,4,70510,282040
5154,439,1161,4,2026-03-12,5,32071,160355
5155,216,1030,3,2025-09-30,5,55892,279460
5156,131,1037,3,2025-11-11,1,12656,12656
5157,572,1153,5,2026-03-26,5,42987,214935
5158,453,1032,5,2026-12-18,4,36921,147684
5159,357,1104,9,2026-05-21,3,56655,169965
5160,407,1113,1,2026-03-19,1,6675,6675
5161,410,1189,5,2025-01-27,3,44813,134439
5162,593,1024,10,2026-08-25,2,29393,58786
5163,396,1006,1,2025-06-29,3,18789,56367
5164,434,1121,8,2025-10-12,5,50519,252595
5165,324,1047,8,2025-04-04,5,16861,84305
5166,310,1121,6,2025-11-25,3,50519,151557
5167,540,1172,3,2025-12-04,1,22143,22143
5168,248,1106,7,2026-07-18,4,52850,211400
5169,146,1010,6,2025-09-16,4,77897,311588
5170,597,1083,7,2026-06-11,1,30521,30521
5171,337,1001,7,2025-02-25,5,15092,75460
5172,286,1049,10,2026-05-26,5,10828,54140
5173,490,1161,1,2025-07-28,4,32071,128284
5174,168,1069,5,2026-03-25,5,27960,139800
5175,163,1179,1,2026-10-08,4,41357,165428
5176,464,1156,3,2025-11-15,2,15162,30324
5177,383,1142,7,2025-04-06,1,14447,14447
5178,337,1058,2,2026-10-26,1,38430,38430
5179,578,1040,5,2026-06-06,4,47552,190208
5180,313,1181,8,2026-04-29,3,49444,148332
5181,383,1063,3,2026-01-28,4,36934,147736
5182,361,1049,3,2025-03-13,5,10828,54140
5183,275,1071,9,2025-10-01,4,9858,39432
5184,472,1001,5,2026-08-25,3,15092,45276
5185,544,1149,3,2026-04-03,4,71197,284788
5186,277,1138,6,2026-07-20,4,35022,140088
5187,294,1196,8,2025-11-26,5,1442,7210
5188,393,1049,7,2025-08-28,2,10828,21656
5189,123,1199,6,2026-04-30,4,30507,122028
5190,298,1181,3,2026-05-23,4,49444,197776
5191,358,1010,10,2025-12-06,2,77897,155794
5192,152,1026,9,2026-04-13,4,77736,310944
5193,310,1004,3,2025-03-18,2,32598,65196
5194,274,1121,10,2026-12-11,3,50519,151557
5195,537,1102,6,2026-11-22,1,34938,34938
5196,589,1137,6,2026-10-04,4,925,3700
5197,547,1184,9,2025-02-06,4,59677,238708
5198,221,1159,5,2025-08-21,1,31885,31885
5199,323,1192,2,2026-10-11,1,73103,73103
5200,328,1181,3,2026-12-12,1,49444,49444
5201,124,1077,6,2025-02-27,1,50235,50235
5202,292,1076,7,2025-05-30,3,61089,183267
5203,311,1063,10,2026-11-30,5,36934,184670
5204,190,1047,2,2026-09-17,2,16861,33722
5205,450,1098,4,2026-05-25,5,18801,94005
5206,219,1150,8,2026-10-16,2,70014,140028
5207,231,1066,1,2026-04-22,4,21819,87276
5208,181,1074,2,2026-03-29,5,32587,162935
5209,254,1089,7,2026-12-08,5,28153,140765
5210,533,1065,5,2025-07-23,4,48319,193276
5211,155,1099,4,2026-01-26,4,32825,131300
5212,395,1147,5,2026-12-18,3,49509,148527
5213,525,1076,7,2025-10-09,1,61089,61089
5214,543,1003,1,2026-09-13,5,36548,182740
5215,527,1191,5,2025-08-24,4,77610,310440
5216,213,1156,4,2026-09-28,3,15162,45486
5217,422,1065,2,2026-10-05,2,48319,96638
5218,259,1166,8,2025-02-04,1,9571,9571
5219,475,1149,3,2025-04-03,3,71197,213591
5220,483,1076,7,2025-06-29,3,61089,183267
5221,503,1052,9,2026-01-10,2,47900,95800
5222,568,1136,5,2025-06-18,5,59970,299850
5223,596,1066,5,2025-12-13,4,21819,87276
5224,594,1030,2,2025-05-25,4,55892,223568
5225,541,1194,7,2026-07-25,2,77628,155256
5226,505,1094,7,2025-01-15,1,52356,52356
5227,164,1068,8,2026-01-13,5,47066,235330
5228,400,1173,7,2026-10-16,3,35241,105723
5229,446,1096,4,2026-04-28,1,19226,19226
5230,553,1007,9,2025-12-02,5,13934,69670
5231,432,1157,2,2026-10-13,2,48076,96152
5232,433,1119,7,2025-04-30,3,8826,26478
5233,585,1036,1,2025-11-08,1,13896,13896
5234,150,1127,4,2026-07-05,1,2004,2004
5235,333,1035,6,2026-11-18,4,44618,178472
5236,315,1191,10,2025-06-08,5,77610,388050
5237,527,1107,8,2026-09-23,1,47947,47947
5238,117,1105,6,2025-08-11,3,76984,230952
5239,587,1114,4,2026-01-07,4,14871,59484
5240,379,1026,6,2025-03-04,3,77736,233208
5241,198,1102,2,2026-04-11,3,34938,104814
5242,429,1024,10,2025-01-22,2,29393,58786
5243,225,1013,3,2026-08-02,3,4405,13215
5244,525,1053,9,2025-08-01,1,76174,76174
5245,517,1151,4,2025-12-03,2,574,1148
5246,504,1199,10,2025-01-03,2,30507,61014
5247,167,1071,9,2025-09-14,2,9858,19716
5248,439,1045,1,2025-05-15,1,60717,60717
5249,505,1004,4,2026-08-26,3,32598,97794
5250,190,1083,5,2025-02-23,1,30521,30521
5251,370,1033,2,2025-03-07,4,20879,83516
5252,499,1122,6,2026-06-10,4,78604,314416
5253,332,1152,9,2025-08-15,1,79004,79004
5254,473,1158,9,2025-11-05,1,40806,40806
5255,132,1118,8,2026-02-16,1,78672,78672
5256,352,1110,8,2025-03-17,1,67284,67284
5257,412,1021,3,2025-03-09,3,26562,79686
5258,420,1033,10,2026-07-16,3,20879,62637
5259,296,1183,10,2026-06-28,3,68339,205017
5260,359,1076,10,2026-03-17,4,61089,244356
5261,537,1026,9,2025-08-09,1,77736,77736
5262,555,1111,4,2026-02-28,4,65186,260744
5263,305,1087,7,2025-04-08,4,35593,142372
5264,261,1081,5,2026-01-19,4,43004,172016
5265,135,1040,2,2025-03-29,4,47552,190208
5266,150,1024,6,2025-05-14,4,29393,117572
5267,401,1143,9,2026-07-30,1,39617,39617
5268,311,1085,6,2026-11-13,1,41847,41847
5269,545,1193,1,2025-10-22,4,30661,122644
5270,281,1154,2,2026-08-15,3,64542,193626
5271,180,1130,8,2025-08-18,2,35473,70946
5272,533,1028,9,2026-01-12,3,1351,4053
5273,394,1030,4,2026-03-16,3,55892,167676
5274,415,1144,9,2025-01-27,5,67040,335200
5275,115,1156,3,2025-10-07,3,15162,45486
5276,572,1180,6,2025-12-26,3,52796,158388
5277,546,1002,3,2026-08-03,2,3778,7556
5278,136,1169,3,2026-10-11,4,17328,69312
5279,483,1008,9,2025-08-09,1,71982,71982
5280,333,1097,6,2025-06-11,4,35218,140872
5281,470,1095,6,2026-08-05,3,60642,181926
5282,553,1153,1,2025-06-09,1,42987,42987
5283,126,1041,2,2025-10-06,5,45582,227910
5284,349,1114,10,2026-03-29,4,14871,59484
5285,211,1107,9,2025-04-27,3,47947,143841
5286,157,1089,5,2026-11-26,4,28153,112612
5287,350,1174,9,2026-11-15,5,69663,348315
5288,213,1079,7,2026-09-06,1,73500,73500
5289,205,1015,5,2025-08-05,1,29157,29157
5290,492,1197,5,2025-10-24,2,9805,19610
5291,104,1084,8,2026-03-17,1,4707,4707
5292,295,1045,9,2026-12-22,2,60717,121434
5293,387,1059,6,2025-03-15,5,10958,54790
5294,324,1102,1,2026-04-16,1,34938,34938
5295,395,1020,7,2026-08-11,3,74063,222189
5296,249,1104,2,2026-02-19,4,56655,226620
5297,188,1006,10,2026-04-17,3,18789,56367
5298,146,1177,7,2025-04-19,3,71186,213558
5299,402,1063,7,2026-06-21,4,36934,147736
5300,546,1021,5,2025-12-14,4,26562,106248
5301,499,1057,3,2025-03-20,3,30371,91113
5302,372,1131,9,2025-07-18,1,45087,45087
5303,280,1199,3,2025-08-30,3,30507,91521
5304,232,1027,4,2025-06-27,2,36963,73926
5305,490,1155,2,2025-07-01,2,3052,6104
5306,338,1198,10,2026-08-17,4,8216,32864
5307,430,1115,10,2025-11-27,5,20533,102665
5308,178,1161,8,2025-03-11,3,32071,96213
5309,424,1121,5,2025-10-09,4,50519,202076
5310,281,1152,9,2025-03-17,1,79004,79004
5311,332,1080,1,2025-02-28,4,29285,117140
5312,140,1095,2,2026-09-22,3,60642,181926
5313,297,1153,8,2026-08-18,5,42987,214935
5314,331,1142,10,2026-10-30,1,14447,14447
5315,410,1049,8,2026-05-29,3,10828,32484
5316,331,1039,2,2025-12-18,1,13176,13176
5317,359,1183,3,2025-02-10,1,68339,68339
5318,325,1064,9,2026-06-20,4,59929,239716
5319,287,1157,6,2025-10-17,2,48076,96152
5320,497,1100,6,2026-11-27,4,74079,296316
5321,505,1154,6,2025-03-09,1,64542,64542
5322,386,1085,7,2025-10-18,1,41847,41847
5323,548,1065,3,2025-12-08,5,48319,241595
5324,440,1021,3,2025-12-25,5,26562,132810
5325,167,1080,10,2026-12-27,4,29285,117140
5326,387,1022,7,2026-10-21,3,71926,215778
5327,444,1085,9,2025-04-06,2,41847,83694
5328,361,1166,6,2025-01-19,4,9571,38284
5329,193,1093,4,2025-12-16,3,65935,197805
5330,199,1197,4,2025-05-21,4,9805,39220
5331,252,1040,2,2026-06-04,1,47552,47552
5332,528,1198,9,2025-02-08,5,8216,41080
5333,549,1170,10,2025-05-15,3,62796,188388
5334,179,1153,3,2025-07-05,4,42987,171948
5335,515,1178,3,2026-03-25,5,26865,134325
5336,287,1012,4,2026-03-31,4,4665,18660
5337,486,1157,8,2025-08-28,3,48076,144228
5338,259,1137,8,2025-07-18,2,925,1850
5339,326,1095,8,2025-10-16,5,60642,303210
5340,358,1200,9,2026-03-05,4,9334,37336
5341,511,1042,10,2025-05-22,2,79631,159262
5342,429,1065,8,2026-01-16,1,48319,48319
5343,465,1142,9,2025-05-08,1,14447,14447
5344,491,1073,3,2025-10-07,1,70510,70510
5345,176,1116,7,2025-04-04,5,21469,107345
5346,553,1057,6,2025-01-28,4,30371,121484
5347,303,1107,9,2026-01-18,1,47947,47947
5348,142,1061,6,2025-08-18,4,13738,54952
5349,577,1008,2,2026-10-28,3,71982,215946
5350,171,1086,1,2025-10-21,2,53081,106162
5351,489,1121,8,2026-04-05,2,50519,101038
5352,564,1158,2,2025-01-20,1,40806,40806
5353,528,1066,3,2026-07-16,2,21819,43638
5354,371,1187,7,2025-04-24,5,29951,149755
5355,222,1199,5,2025-05-05,3,30507,91521
5356,315,1013,10,2026-04-14,2,4405,8810
5357,529,1017,8,2026-09-04,1,66737,66737
5358,424,1138,9,2026-08-12,1,35022,35022
5359,250,1062,7,2025-01-02,2,50323,100646
5360,224,1158,10,2026-03-03,3,40806,122418
5361,369,1048,6,2025-03-11,1,50115,50115
5362,360,1135,9,2026-07-22,5,21230,106150
5363,548,1006,8,2025-02-14,4,18789,75156
5364,292,1163,5,2025-01-17,4,10822,43288
5365,277,1092,4,2026-11-04,1,28369,28369
5366,496,1161,10,2025-12-07,1,32071,32071
5367,281,1035,9,2025-12-13,1,44618,44618
5368,526,1165,8,2026-12-14,2,64199,128398
5369,516,1123,3,2025-03-06,2,61848,123696
5370,119,1184,5,2025-07-26,4,59677,238708
5371,554,1012,1,2025-11-20,2,4665,9330
5372,304,1080,9,2026-04-30,5,29285,146425
5373,486,1065,4,2025-10-20,1,48319,48319
5374,544,1092,6,2025-10-07,1,28369,28369
5375,324,1032,7,2026-03-27,3,36921,110763
5376,599,1099,3,2026-05-24,3,32825,98475
5377,289,1178,9,2025-10-01,4,26865,107460
5378,141,1022,7,2026-09-09,4,71926,287704
5379,251,1047,6,2025-04-16,5,16861,84305
5380,439,1021,5,2025-11-10,3,26562,79686
5381,468,1115,7,2025-06-20,5,20533,102665
5382,280,1177,8,2025-02-13,4,71186,284744
5383,415,1187,7,2025-10-09,3,29951,89853
5384,139,1164,7,2026-01-08,1,11726,11726
5385,588,1132,1,2025-05-27,2,15121,30242
5386,118,1156,3,2025-03-10,4,15162,60648
5387,286,1061,7,2026-08-04,3,13738,41214
5388,179,1009,8,2026-01-15,5,11895,59475
5389,491,1096,2,2026-08-11,4,19226,76904
5390,288,1036,7,2025-11-18,5,13896,69480
5391,228,1167,2,2025-01-27,3,70322,210966
5392,356,1189,9,2026-02-01,2,44813,89626
5393,235,1144,5,2026-12-22,1,67040,67040
5394,414,1115,5,2026-12-12,2,20533,41066
5395,163,1126,3,2025-03-17,2,73012,146024
5396,561,1116,8,2025-03-31,2,21469,42938
5397,442,1175,6,2026-12-28,3,55961,167883
5398,378,1017,5,2025-11-04,5,66737,333685
5399,507,1041,6,2026-06-05,2,45582,91164
5400,203,1058,3,2025-08-31,1,38430,38430
5401,285,1127,9,2026-08-10,1,2004,2004
5402,512,1095,9,2025-05-13,4,60642,242568
5403,134,1157,5,2026-02-12,1,48076,48076
5404,370,1184,7,2026-02-24,4,59677,238708
5405,165,1148,6,2026-10-20,1,21674,21674
5406,339,1019,9,2025-12-19,4,3978,15912
5407,428,1033,10,2025-07-06,5,20879,104395
5408,322,1197,9,2025-02-26,2,9805,19610
5409,179,1032,5,2025-06-18,5,36921,184605
5410,579,1042,4,2025-12-21,3,79631,238893
5411,534,1133,2,2025-09-14,3,38969,116907
5412,241,1051,3,2026-10-03,5,38927,194635
5413,374,1078,2,2026-05-30,5,35882,179410
5414,404,1165,10,2025-06-07,2,64199,128398
5415,469,1044,10,2025-12-12,5,6195,30975
5416,523,1145,1,2025-03-25,1,26571,26571
5417,236,1012,4,2026-08-09,5,4665,23325
5418,428,1107,1,2026-05-25,5,47947,239735
5419,249,1161,5,2026-05-10,5,32071,160355
5420,253,1063,8,2025-03-16,4,36934,147736
5421,181,1177,8,2026-03-02,1,71186,71186
5422,205,1124,6,2026-09-14,4,69852,279408
5423,542,1037,6,2025-12-20,3,12656,37968
5424,490,1103,6,2026-06-12,2,77122,154244
5425,264,1144,4,2026-04-23,1,67040,67040
5426,331,1032,4,2025-05-25,3,36921,110763
5427,249,1025,7,2026-09-23,1,59378,59378
5428,593,1108,3,2025-12-02,2,29246,58492
5429,198,1148,3,2026-05-26,3,21674,65022
5430,356,1132,5,2026-05-25,4,15121,60484
5431,584,1006,7,2026-06-02,1,18789,18789
5432,211,1118,10,2025-12-28,2,78672,157344
5433,245,1013,8,2026-09-04,1,4405,4405
5434,247,1168,9,2025-01-09,4,16983,67932
5435,169,1028,5,2026-01-10,4,1351,5404
5436,288,1196,1,2026-02-15,4,1442,5768
5437,388,1014,4,2026-01-07,5,12780,63900
5438,138,1142,7,2026-06-01,3,14447,43341
5439,244,1116,10,2026-11-28,5,21469,107345
5440,166,1157,2,2026-02-08,1,48076,48076
5441,386,1096,6,2025-05-28,3,19226,57678
5442,361,1051,7,2026-05-28,5,38927,194635
5443,120,1011,3,2025-12-08,1,55802,55802
5444,334,1122,3,2026-09-13,5,78604,393020
5445,268,1132,10,2025-11-23,2,15121,30242
5446,416,1042,5,2026-08-31,4,79631,318524
5447,525,1087,9,2026-06-30,5,35593,177965
5448,254,1126,8,2025-01-18,5,73012,365060
5449,445,1095,2,2026-03-03,3,60642,181926
5450,508,1150,1,2026-09-04,3,70014,210042
5451,596,1122,10,2026-08-15,3,78604,235812
5452,399,1059,8,2025-06-24,1,10958,10958
5453,497,1135,7,2025-06-01,5,21230,106150
5454,117,1175,10,2026-12-19,2,55961,111922
5455,110,1029,8,2025-11-18,2,21426,42852
5456,312,1108,4,2026-02-25,2,29246,58492
5457,572,1129,8,2025-03-05,5,70881,354405
5458,366,1181,4,2026-07-29,2,49444,98888
5459,370,1084,7,2025-11-18,4,4707,18828
5460,568,1045,9,2025-12-17,4,60717,242868
5461,447,1140,5,2026-09-17,3,23916,71748
5462,591,1124,4,2025-10-13,2,69852,139704
5463,216,1143,5,2025-10-23,3,39617,118851
5464,454,1181,8,2025-11-21,2,49444,98888
5465,387,1123,5,2025-10-22,3,61848,185544
5466,447,1032,9,2026-01-24,5,36921,184605
5467,589,1102,3,2025-10-25,3,34938,104814
5468,590,1011,2,2025-12-21,3,55802,167406
5469,483,1114,8,2025-08-08,3,14871,44613
5470,239,1052,9,2026-12-14,5,47900,239500
5471,156,1070,10,2026-08-24,2,35493,70986
5472,126,1062,9,2025-08-20,2,50323,100646
5473,127,1164,2,2026-02-28,2,11726,23452
5474,152,1085,3,2025-01-06,4,41847,167388
5475,309,1141,8,2026-05-04,2,67042,134084
5476,488,1167,5,2025-11-25,2,70322,140644
5477,565,1074,2,2026-10-30,1,32587,32587
5478,374,1147,1,2025-06-29,2,49509,99018
5479,579,1107,1,2026-02-11,2,47947,95894
5480,580,1127,5,2025-02-08,2,2004,4008
5481,391,1003,10,2025-04-20,3,36548,109644
5482,333,1086,9,2026-06-21,3,53081,159243
5483,536,1127,9,2026-04-25,2,2004,4008
5484,515,1070,2,2025-12-05,2,35493,70986
5485,432,1042,5,2025-07-10,4,79631,318524
5486,505,1004,5,2026-08-05,3,32598,97794
5487,190,1173,10,2026-10-17,2,35241,70482
5488,364,1104,6,2025-03-30,4,56655,226620
5489,195,1103,3,2026-05-04,1,77122,77122
5490,104,1083,5,2026-01-28,2,30521,61042
5491,486,1061,5,2025-12-04,4,13738,54952
5492,471,1078,10,2025-01-12,5,35882,179410
5493,455,1067,4,2025-03-05,3,49020,147060
5494,339,1171,5,2025-06-13,1,72563,72563
5495,573,1104,5,2026-12-08,5,56655,283275
5496,289,1031,10,2025-08-15,3,45097,135291
5497,345,1057,3,2026-04-11,2,30371,60742
5498,292,1192,7,2026-12-20,5,73103,365515
5499,488,1141,9,2026-11-12,4,67042,268168
5500,449,1056,10,2025-03-25,2,6506,13012
5501,371,1135,6,2025-03-21,4,21230,84920
5502,132,1145,9,2026-06-02,1,26571,26571
5503,375,1052,3,2025-06-18,5,47900,239500
5504,327,1084,2,2026-11-28,5,4707,23535
5505,351,1053,2,2026-06-07,5,76174,380870
5506,333,1115,3,2026-06-10,1,20533,20533
5507,389,1107,1,2026-07-27,4,47947,191788
5508,471,1119,1,2026-02-10,3,8826,26478
5509,482,1066,4,2026-08-16,1,21819,21819
5510,317,1019,6,2026-12-19,1,3978,3978
5511,131,1017,2,2026-04-29,5,66737,333685
5512,310,1009,3,2025-05-19,3,11895,35685
5513,292,1197,7,2026-04-05,4,9805,39220
5514,142,1097,9,2025-05-17,4,35218,140872
5515,161,1168,3,2026-07-05,3,16983,50949
5516,166,1101,4,2025-01-04,5,71144,355720
5517,253,1194,8,2026-11-21,1,77628,77628
5518,318,1185,9,2026-01-24,5,16360,81800
5519,336,1059,6,2025-06-08,2,10958,21916
5520,580,1071,2,2025-02-02,2,9858,19716
5521,415,1170,1,2025-09-04,4,62796,251184
5522,152,1053,10,2025-02-04,1,76174,76174
5523,445,1115,1,2025-09-08,5,20533,102665
5524,306,1190,8,2025-08-28,1,3257,3257
5525,487,1139,1,2025-05-24,2,66112,132224
5526,220,1129,10,2025-11-23,3,70881,212643
5527,496,1148,6,2025-08-31,5,21674,108370
5528,439,1078,9,2025-08-15,2,35882,71764
5529,241,1106,1,2026-07-25,3,52850,158550
5530,421,1152,7,2026-07-24,2,79004,158008
5531,598,1127,6,2026-10-21,1,2004,2004
5532,503,1172,9,2025-11-23,4,22143,88572
5533,310,1179,3,2025-11-04,4,41357,165428
5534,487,1097,9,2026-04-30,2,35218,70436
5535,254,1062,3,2026-04-20,2,50323,100646
5536,312,1015,7,2026-07-25,5,29157,145785
5537,299,1136,4,2025-09-19,2,59970,119940
5538,432,1053,2,2026-04-06,3,76174,228522
5539,375,1095,4,2025-02-22,1,60642,60642
5540,445,1069,10,2026-09-10,4,27960,111840
5541,197,1011,10,2026-11-19,1,55802,55802
5542,346,1144,4,2025-12-07,2,67040,134080
5543,209,1078,4,2025-05-01,1,35882,35882
5544,569,1192,4,2026-12-14,4,73103,292412
5545,304,1155,4,2026-07-20,2,3052,6104
5546,295,1083,8,2026-07-01,3,30521,91563
5547,258,1167,5,2026-01-04,3,70322,210966
5548,339,1132,2,2026-04-26,4,15121,60484
5549,569,1195,4,2026-01-15,3,29364,88092
5550,124,1081,10,2025-08-15,4,43004,172016
5551,109,1190,5,2026-07-21,2,3257,6514
5552,469,1150,7,2025-10-30,5,70014,350070
5553,269,1040,4,2026-01-24,2,47552,95104
5554,356,1146,9,2026-11-02,2,20532,41064
5555,232,1176,8,2026-10-20,3,28260,84780
5556,336,1190,3,2025-12-27,4,3257,13028
5557,469,1044,9,2026-05-16,2,6195,12390
5558,429,1048,1,2026-06-21,5,50115,250575
5559,584,1009,1,2025-01-07,1,11895,11895
5560,532,1106,4,2025-03-11,2,52850,105700
5561,105,1182,4,2026-06-02,2,57922,115844
5562,131,1117,10,2026-10-16,3,55833,167499
5563,568,1171,8,2026-11-07,5,72563,362815
5564,104,1125,9,2026-07-19,1,33453,33453
5565,109,1106,9,2025-10-09,1,52850,52850
5566,109,1138,9,2026-12-16,3,35022,105066
5567,513,1173,3,2025-04-20,4,35241,140964
5568,177,1025,4,2025-07-16,5,59378,296890
5569,230,1159,6,2025-10-01,5,31885,159425
5570,292,1102,7,2026-04-16,1,34938,34938
5571,457,1145,4,2025-11-04,2,26571,53142
5572,435,1176,1,2025-04-06,1,28260,28260
5573,294,1104,9,2026-05-03,4,56655,226620
5574,460,1015,3,2025-03-26,1,29157,29157
5575,431,1128,6,2026-08-03,4,15514,62056
5576,571,1025,1,2025-08-24,5,59378,296890
5577,344,1055,5,2025-02-17,5,9616,48080
5578,561,1020,9,2026-08-01,3,74063,222189
5579,192,1169,6,2025-01-17,1,17328,17328
5580,174,1054,7,2025-03-20,5,25703,128515
5581,389,1077,4,2026-08-04,2,50235,100470
5582,270,1100,7,2025-05-24,5,74079,370395
5583,357,1177,6,2025-02-24,1,71186,71186
5584,219,1026,2,2025-12-15,4,77736,310944
5585,589,1155,10,2026-02-11,5,3052,15260
5586,116,1199,5,2026-04-07,3,30507,91521
5587,283,1126,9,2026-01-20,2,73012,146024
5588,449,1111,10,2026-11-08,2,65186,130372
5589,496,1098,10,2025-10-30,1,18801,18801
5590,143,1064,5,2025-06-07,1,59929,59929
5591,479,1098,7,2025-11-21,2,18801,37602
5592,147,1093,1,2025-11-12,1,65935,65935
5593,490,1114,5,2025-04-15,3,14871,44613
5594,196,1034,7,2026-04-05,1,28721,28721
5595,363,1143,7,2025-04-16,5,39617,198085
5596,282,1007,9,2025-04-06,1,13934,13934
5597,502,1153,6,2026-01-30,5,42987,214935
5598,312,1004,7,2025-03-28,3,32598,97794
5599,564,1186,4,2026-08-09,5,32993,164965
5600,451,1134,7,2025-06-23,2,57485,114970
5601,255,1036,5,2026-05-20,3,13896,41688
5602,186,1038,7,2025-10-10,1,50297,50297
5603,348,1108,2,2026-01-05,3,29246,87738
5604,470,1065,8,2026-09-01,2,48319,96638
5605,335,1158,2,2025-05-19,2,40806,81612
5606,586,1078,7,2025-12-07,1,35882,35882
5607,512,1159,6,2026-03-27,4,31885,127540
5608,518,1086,10,2025-05-20,4,53081,212324
5609,409,1077,4,2026-05-06,3,50235,150705
5610,594,1081,7,2025-11-23,2,43004,86008
5611,596,1075,10,2025-09-06,4,21917,87668
5612,244,1084,7,2026-01-09,4,4707,18828
5613,203,1030,10,2026-07-13,5,55892,279460
5614,114,1047,8,2026-12-27,5,16861,84305
5615,509,1054,5,2026-12-11,4,25703,102812
5616,445,1018,8,2025-05-23,4,79407,317628
5617,224,1163,5,2026-11-06,3,10822,32466
5618,505,1040,7,2025-03-17,4,47552,190208
5619,346,1115,10,2026-02-15,5,20533,102665
5620,573,1137,7,2026-07-11,5,925,4625
5621,460,1010,9,2026-09-01,3,77897,233691
5622,156,1164,4,2026-11-05,1,11726,11726
5623,186,1171,10,2025-02-15,3,72563,217689
5624,596,1145,6,2026-03-17,4,26571,106284
5625,151,1028,5,2025-08-16,1,1351,1351
5626,386,1131,10,2026-12-06,5,45087,225435
5627,329,1148,6,2026-02-05,2,21674,43348
5628,454,1119,9,2025-06-04,5,8826,44130
5629,348,1089,2,2025-10-30,1,28153,28153
5630,160,1107,3,2025-12-23,1,47947,47947
5631,334,1080,4,2026-06-18,3,29285,87855
5632,344,1124,2,2026-03-25,3,69852,209556
5633,264,1185,2,2025-11-04,4,16360,65440
5634,112,1012,6,2026-10-26,1,4665,4665
5635,577,1028,4,2026-06-13,2,1351,2702
5636,182,1045,6,2026-07-28,5,60717,303585
5637,219,1110,7,2026-10-07,4,67284,269136
5638,428,1048,7,2026-02-10,2,50115,100230
5639,553,1008,4,2026-04-06,5,71982,359910
5640,300,1152,1,2026-12-23,4,79004,316016
5641,243,1055,2,2026-08-15,2,9616,19232
5642,196,1027,6,2025-11-30,5,36963,184815
5643,159,1051,5,2026-11-18,4,38927,155708
5644,595,1126,6,2026-09-04,5,73012,365060
5645,301,1100,10,2025-04-27,5,74079,370395
5646,533,1090,8,2026-09-25,3,74841,224523
5647,571,1045,10,2026-08-28,3,60717,182151
5648,261,1022,2,2025-09-02,2,71926,143852
5649,194,1079,6,2026-12-12,1,73500,73500
5650,299,1037,7,2026-09-03,5,12656,63280
5651,297,1036,7,2025-07-10,5,13896,69480
5652,456,1125,3,2026-07-23,5,33453,167265
5653,248,1043,3,2025-07-11,4,35171,140684
5654,418,1081,1,2026-01-03,4,43004,172016
5655,170,1003,4,2026-01-29,4,36548,146192
5656,435,1144,8,2026-02-23,5,67040,335200
5657,313,1176,8,2026-05-16,4,28260,113040
5658,390,1043,1,2025-08-14,1,35171,35171
5659,241,1075,4,2026-07-05,1,21917,21917
5660,500,1074,8,2026-08-03,2,32587,65174
5661,382,1191,9,2025-04-26,4,77610,310440
5662,238,1147,9,2026-01-11,1,49509,49509
5663,490,1139,8,2026-07-14,1,66112,66112
5664,153,1056,4,2025-11-01,4,6506,26024
5665,235,1009,6,2025-03-31,4,11895,47580
5666,498,1113,4,2025-08-03,1,6675,6675
5667,453,1189,6,2026-12-29,5,44813,224065
5668,185,1157,10,2025-05-23,4,48076,192304
5669,513,1053,1,2026-08-07,2,76174,152348
5670,244,1090,10,2026-07-06,5,74841,374205
5671,461,1044,5,2025-10-24,3,6195,18585
5672,588,1147,9,2026-11-27,3,49509,148527
5673,593,1025,7,2025-03-02,2,59378,118756
5674,460,1071,3,2025-09-13,2,9858,19716
5675,525,1038,4,2026-11-24,3,50297,150891
5676,173,1101,10,2026-10-10,4,71144,284576
5677,293,1069,8,2025-03-19,4,27960,111840
5678,307,1163,9,2025-10-12,1,10822,10822
5679,333,1178,8,2025-12-02,3,26865,80595
5680,545,1149,2,2026-04-15,1,71197,71197
5681,536,1163,2,2026-07-02,3,10822,32466
5682,596,1102,7,2025-08-05,2,34938,69876
5683,266,1127,5,2025-12-12,3,2004,6012
5684,167,1141,10,2026-05-12,5,67042,335210
5685,124,1088,2,2026-10-04,1,9175,9175
5686,164,1118,3,2026-03-28,1,78672,78672
5687,591,1117,7,2025-07-27,1,55833,55833
5688,552,1177,5,2025-06-12,2,71186,142372
5689,436,1071,6,2025-09-14,1,9858,9858
5690,441,1022,3,2025-02-23,3,71926,215778
5691,472,1102,4,2026-03-16,3,34938,104814
5692,461,1168,2,2025-01-02,1,16983,16983
5693,140,1055,3,2026-08-31,4,9616,38464
5694,449,1058,8,2025-01-10,5,38430,192150
5695,519,1003,2,2026-03-09,3,36548,109644
5696,345,1178,2,2025-08-23,2,26865,53730
5697,475,1099,2,2025-04-16,1,32825,32825
5698,552,1081,5,2025-05-21,3,43004,129012
5699,429,1098,3,2025-03-12,2,18801,37602
5700,105,1136,10,2026-10-28,5,59970,299850
5701,280,1043,4,2026-10-06,4,35171,140684
5702,571,1192,7,2026-09-23,2,73103,146206
5703,541,1176,4,2025-03-30,4,28260,113040
5704,486,1026,2,2026-08-27,2,77736,155472
5705,280,1187,7,2025-11-19,4,29951,119804
5706,242,1036,2,2025-09-12,2,13896,27792
5707,408,1142,10,2025-10-19,5,14447,72235
5708,535,1200,5,2025-07-30,1,9334,9334
5709,361,1133,4,2026-02-06,5,38969,194845
5710,502,1076,4,2026-05-22,1,61089,61089
5711,224,1099,8,2026-10-16,1,32825,32825
5712,371,1153,1,2026-01-05,1,42987,42987
5713,299,1082,10,2026-03-07,2,7831,15662
5714,450,1094,3,2026-04-28,5,52356,261780
5715,109,1198,10,2025-03-11,1,8216,8216
5716,211,1004,1,2025-03-03,3,32598,97794
5717,247,1102,9,2026-03-02,5,34938,174690
5718,143,1109,9,2026-07-05,4,18631,74524
5719,243,1158,2,2025-11-14,2,40806,81612
5720,572,1021,4,2025-06-09,5,26562,132810
5721,301,1138,10,2026-10-12,3,35022,105066
5722,259,1196,7,2025-09-02,1,1442,1442
5723,145,1015,7,2025-04-29,2,29157,58314
5724,412,1117,1,2025-11-13,5,55833,279165
5725,162,1171,1,2026-12-26,2,72563,145126
5726,184,1036,8,2025-12-22,1,13896,13896
5727,501,1134,5,2025-06-20,5,57485,287425
5728,484,1096,5,2025-05-01,2,19226,38452
5729,272,1198,7,2025-10-06,1,8216,8216
5730,235,1135,10,2026-10-05,1,21230,21230
5731,334,1020,9,2026-01-04,4,74063,296252
5732,540,1015,10,2025-06-20,4,29157,116628
5733,231,1095,2,2026-08-11,2,60642,121284
5734,217,1173,9,2025-01-03,1,35241,35241
5735,226,1012,1,2026-04-29,1,4665,4665
5736,572,1094,3,2025-07-03,4,52356,209424
5737,512,1010,7,2025-08-18,5,77897,389485
5738,314,1083,6,2025-10-05,2,30521,61042
5739,291,1020,2,2026-05-30,5,74063,370315
5740,192,1173,4,2026-06-13,1,35241,35241
5741,136,1012,8,2025-10-17,4,4665,18660
5742,268,1199,2,2026-07-21,3,30507,91521
5743,289,1117,4,2025-10-26,1,55833,55833
5744,479,1145,10,2025-09-06,3,26571,79713
5745,403,1119,8,2025-07-20,3,8826,26478
5746,490,1188,4,2025-06-04,5,8892,44460
5747,113,1002,4,2026-07-09,4,3778,15112
5748,587,1089,6,2025-01-02,1,28153,28153
5749,535,1195,5,2025-04-17,4,29364,117456
5750,222,1053,7,2026-05-19,5,76174,380870
5751,465,1016,5,2025-04-06,2,30995,61990
5752,560,1012,9,2026-02-27,2,4665,9330
5753,335,1180,2,2026-08-18,3,52796,158388
5754,169,1025,7,2025-03-18,5,59378,296890
5755,132,1152,7,2026-11-10,5,79004,395020
5756,250,1034,5,2025-11-19,2,28721,57442
5757,263,1101,8,2025-10-06,3,71144,213432
5758,584,1060,4,2025-05-20,1,31012,31012
5759,156,1200,3,2025-04-19,5,9334,46670
5760,339,1043,6,2026-02-21,4,35171,140684
5761,284,1031,4,2026-04-08,5,45097,225485
5762,236,1079,2,2025-04-03,4,73500,294000
5763,524,1041,10,2025-02-11,3,45582,136746
5764,176,1056,2,2026-12-30,3,6506,19518
5765,303,1064,9,2025-02-20,3,59929,179787
5766,234,1174,3,2025-02-01,3,69663,208989
5767,385,1104,9,2025-09-13,4,56655,226620
5768,153,1025,3,2025-05-05,4,59378,237512
5769,526,1004,4,2025-05-14,1,32598,32598
5770,291,1051,2,2026-08-20,4,38927,155708
5771,570,1151,2,2025-01-23,3,574,1722
5772,563,1017,8,2025-05-12,2,66737,133474
5773,163,1024,1,2026-04-18,3,29393,88179
5774,574,1013,10,2026-03-20,2,4405,8810
5775,355,1186,1,2026-01-27,4,32993,131972
5776,189,1175,6,2025-08-08,4,55961,223844
5777,244,1048,8,2025-06-02,3,50115,150345
5778,418,1009,10,2025-09-09,5,11895,59475
5779,356,1166,7,2026-07-18,3,9571,28713
5780,145,1123,5,2026-01-28,1,61848,61848
5781,203,1036,9,2025-09-13,4,13896,55584
5782,507,1162,1,2026-01-27,5,74864,374320
5783,346,1183,9,2026-05-12,3,68339,205017
5784,358,1089,6,2026-02-02,5,28153,140765
5785,114,1070,6,2026-09-04,2,35493,70986
5786,559,1057,5,2025-03-01,1,30371,30371
5787,284,1121,10,2025-08-27,5,50519,252595
5788,227,1041,4,2025-09-30,1,45582,45582
5789,492,1137,4,2026-08-13,1,925,925
5790,579,1100,3,2025-06-30,3,74079,222237
5791,263,1061,6,2026-08-29,5,13738,68690
5792,586,1008,10,2026-08-01,3,71982,215946
5793,586,1037,4,2026-05-20,5,12656,63280
5794,190,1139,8,2025-02-08,3,66112,198336
5795,220,1024,10,2025-08-13,1,29393,29393
5796,345,1006,1,2025-12-06,5,18789,93945
5797,513,1158,3,2025-12-15,2,40806,81612
5798,571,1184,6,2025-03-02,2,59677,119354
5799,401,1006,3,2025-04-24,2,18789,37578
5800,592,1135,2,2026-01-18,3,21230,63690
5801,401,1181,2,2025-12-11,4,49444,197776
5802,170,1078,3,2026-03-24,3,35882,107646
5803,433,1164,6,2025-06-28,4,11726,46904
5804,456,1182,10,2026-01-01,5,57922,289610
5805,518,1058,3,2026-01-23,5,38430,192150
5806,166,1079,3,2025-01-02,3,73500,220500
5807,301,1180,10,2025-02-03,5,52796,263980
5808,263,1047,10,2025-08-15,5,16861,84305
5809,154,1164,8,2025-05-25,5,11726,58630
5810,222,1085,6,2025-11-24,1,41847,41847
5811,521,1043,6,2026-04-03,1,35171,35171
5812,208,1003,4,2026-12-11,3,36548,109644
5813,232,1018,2,2025-01-02,3,79407,238221
5814,325,1013,7,2025-06-20,4,4405,17620
5815,552,1106,7,2025-12-26,4,52850,211400
5816,152,1140,8,2026-08-15,4,23916,95664
5817,184,1167,8,2025-03-17,2,70322,140644
5818,111,1009,6,2025-09-25,3,11895,35685
5819,276,1027,3,2026-01-20,1,36963,36963
5820,381,1042,2,2025-12-13,1,79631,79631
5821,558,1153,8,2026-12-23,5,42987,214935
5822,583,1008,3,2026-09-14,4,71982,287928
5823,128,1112,2,2025-12-06,2,12415,24830
5824,310,1053,9,2026-07-08,2,76174,152348
5825,253,1068,4,2025-04-09,3,47066,141198
5826,393,1013,9,2026-05-18,4,4405,17620
5827,285,1040,1,2026-03-14,1,47552,47552
5828,522,1023,10,2026-05-07,3,55487,166461
5829,114,1052,4,2025-06-24,1,47900,47900
5830,142,1164,8,2025-04-29,3,11726,35178
5831,342,1079,8,2026-11-08,4,73500,294000
5832,429,1068,9,2026-02-01,1,47066,47066
5833,554,1048,7,2026-01-14,3,50115,150345
5834,123,1048,5,2026-03-27,4,50115,200460
5835,216,1120,5,2026-08-01,3,50932,152796
5836,486,1016,2,2025-03-29,2,30995,61990
5837,514,1172,9,2026-02-28,3,22143,66429
5838,217,1194,9,2025-03-04,5,77628,388140
5839,315,1100,9,2026-12-05,5,74079,370395
5840,552,1122,4,2026-05-03,5,78604,393020
5841,303,1077,1,2026-05-30,1,50235,50235
5842,510,1147,10,2026-11-25,5,49509,247545
5843,162,1159,8,2025-06-27,2,31885,63770
5844,514,1043,4,2025-05-10,2,35171,70342
5845,141,1011,7,2025-07-26,4,55802,223208
5846,528,1161,10,2025-09-22,2,32071,64142
5847,145,1082,7,2026-07-24,1,7831,7831
5848,267,1102,5,2026-06-17,5,34938,174690
5849,503,1118,10,2026-08-25,1,78672,78672
5850,158,1134,7,2025-06-03,4,57485,229940
5851,402,1038,10,2025-04-13,5,50297,251485
5852,500,1028,2,2025-10-20,5,1351,6755
5853,550,1138,7,2025-09-28,3,35022,105066
5854,393,1099,10,2026-04-30,4,32825,131300
5855,242,1010,7,2025-05-28,2,77897,155794
5856,449,1159,7,2025-02-09,5,31885,159425
5857,454,1102,4,2025-02-20,3,34938,104814
5858,572,1191,5,2026-01-17,4,77610,310440
5859,519,1006,5,2025-11-15,3,18789,56367
5860,540,1072,2,2025-08-22,4,22931,91724
5861,599,1035,8,2025-11-25,3,44618,133854
5862,410,1069,2,2025-07-12,4,27960,111840
5863,568,1114,7,2026-05-12,2,14871,29742
5864,545,1195,6,2025-02-27,5,29364,146820
5865,134,1132,5,2026-12-28,2,15121,30242
5866,170,1130,9,2026-08-06,4,35473,141892
5867,199,1008,4,2025-03-01,2,71982,143964
5868,334,1064,1,2026-01-05,1,59929,59929
5869,241,1181,6,2026-04-21,2,49444,98888
5870,426,1130,2,2026-11-29,4,35473,141892
5871,291,1008,8,2026-09-01,2,71982,143964
5872,592,1115,8,2026-08-24,2,20533,41066
5873,277,1142,3,2025-09-22,3,14447,43341
5874,246,1192,1,2026-01-31,1,73103,73103
5875,538,1013,10,2025-08-08,2,4405,8810
5876,447,1057,4,2025-10-03,2,30371,60742
5877,363,1167,1,2026-11-30,4,70322,281288
5878,567,1003,3,2026-10-25,4,36548,146192
5879,511,1045,1,2025-08-18,5,60717,303585
5880,513,1065,5,2026-12-31,5,48319,241595
5881,317,1182,7,2025-12-24,3,57922,173766
5882,212,1118,8,2025-11-06,3,78672,236016
5883,523,1174,10,2026-02-11,5,69663,348315
5884,104,1150,9,2026-11-10,1,70014,70014
5885,432,1096,10,2026-09-16,5,19226,96130
5886,451,1073,2,2026-05-09,3,70510,211530
5887,242,1017,6,2025-10-11,3,66737,200211
5888,197,1067,3,2026-06-14,3,49020,147060
5889,561,1196,1,2026-09-07,2,1442,2884
5890,449,1104,3,2025-01-27,3,56655,169965
5891,252,1168,5,2026-03-05,4,16983,67932
5892,478,1104,1,2026-08-21,4,56655,226620
5893,518,1182,4,2025-12-18,5,57922,289610
5894,452,1186,9,2026-10-16,2,32993,65986
5895,360,1122,5,2025-06-24,3,78604,235812
5896,193,1169,5,2025-04-10,5,17328,86640
5897,480,1121,5,2026-07-27,2,50519,101038
5898,585,1196,6,2026-11-02,2,1442,2884
5899,282,1023,4,2025-11-11,2,55487,110974
5900,291,1108,5,2026-08-23,3,29246,87738
5901,536,1076,2,2026-04-27,4,61089,244356
5902,398,1014,10,2025-03-14,5,12780,63900
5903,357,1121,2,2026-11-29,2,50519,101038
5904,253,1098,7,2025-02-25,5,18801,94005
5905,203,1039,6,2026-02-24,2,13176,26352
5906,174,1146,6,2025-07-04,4,20532,82128
5907,350,1200,6,2026-10-09,1,9334,9334
5908,425,1046,1,2025-01-05,3,70784,212352
5909,208,1116,3,2026-08-14,3,21469,64407
5910,351,1196,2,2025-05-13,2,1442,2884
5911,425,1158,7,2026-02-18,4,40806,163224
5912,297,1110,1,2025-02-08,4,67284,269136
5913,475,1137,6,2025-01-15,2,925,1850
5914,198,1083,1,2026-11-24,5,30521,152605
5915,216,1002,6,2025-11-16,2,3778,7556
5916,297,1034,9,2026-08-26,1,28721,28721
5917,134,1079,1,2025-11-02,2,73500,147000
5918,473,1075,9,2026-09-03,4,21917,87668
5919,323,1135,3,2025-12-17,3,21230,63690
5920,485,1126,4,2025-06-18,3,73012,219036
5921,217,1104,4,2025-05-15,1,56655,56655
5922,402,1055,9,2025-06-23,1,9616,9616
5923,465,1032,1,2026-01-20,3,36921,110763
5924,495,1164,9,2026-10-01,3,11726,35178
5925,125,1013,2,2026-11-01,5,4405,22025
5926,454,1006,2,2026-03-03,1,18789,18789
5927,164,1114,9,2025-09-16,4,14871,59484
5928,206,1122,1,2025-11-05,2,78604,157208
5929,440,1108,9,2025-10-04,1,29246,29246
5930,459,1160,3,2026-03-05,5,8092,40460
5931,469,1027,10,2025-05-01,5,36963,184815
5932,502,1073,2,2026-05-25,1,70510,70510
5933,203,1051,5,2026-06-20,5,38927,194635
5934,461,1052,7,2025-10-30,3,47900,143700
5935,381,1042,8,2025-08-01,1,79631,79631
5936,270,1177,4,2025-01-03,4,71186,284744
5937,565,1004,2,2026-08-11,1,32598,32598
5938,177,1172,2,2026-06-08,4,22143,88572
5939,564,1020,5,2026-10-22,1,74063,74063
5940,252,1060,5,2026-04-21,4,31012,124048
5941,517,1013,3,2025-02-10,1,4405,4405
5942,511,1075,6,2026-03-13,3,21917,65751
5943,149,1190,1,2025-01-10,1,3257,3257
5944,269,1036,6,2026-03-25,2,13896,27792
5945,550,1160,2,2026-01-17,3,8092,24276
5946,159,1088,7,2026-02-14,2,9175,18350
5947,528,1117,7,2026-12-08,3,55833,167499
5948,433,1123,3,2025-04-26,4,61848,247392
5949,583,1034,3,2025-04-17,1,28721,28721
5950,348,1107,10,2026-11-26,5,47947,239735
5951,413,1113,7,2026-01-03,2,6675,13350
5952,542,1157,3,2026-05-10,1,48076,48076
5953,555,1125,7,2026-03-28,1,33453,33453
5954,234,1012,6,2025-01-13,1,4665,4665
5955,493,1181,10,2026-08-02,5,49444,247220
5956,366,1058,9,2026-12-06,3,38430,115290
5957,149,1180,7,2026-11-09,5,52796,263980
5958,347,1187,6,2026-11-11,2,29951,59902
5959,177,1174,9,2026-09-20,4,69663,278652
5960,430,1014,3,2026-06-02,1,12780,12780
5961,546,1121,3,2025-03-18,4,50519,202076
5962,265,1193,4,2025-12-05,4,30661,122644
5963,360,1072,4,2026-07-18,1,22931,22931
5964,307,1165,4,2025-03-22,4,64199,256796
5965,511,1118,10,2026-04-04,4,78672,314688
5966,329,1023,6,2025-05-02,4,55487,221948
5967,153,1128,7,2026-02-27,1,15514,15514
5968,382,1010,1,2025-04-04,5,77897,389485
5969,427,1155,5,2026-06-05,5,3052,15260
5970,436,1144,8,2025-12-16,2,67040,134080
5971,519,1094,4,2026-04-11,1,52356,52356
5972,493,1085,10,2026-09-07,5,41847,209235
5973,467,1122,8,2025-04-27,3,78604,235812
5974,102,1025,6,2025-12-30,2,59378,118756
5975,381,1163,9,2026-01-18,3,10822,32466
5976,124,1180,3,2026-05-20,1,52796,52796
5977,155,1036,5,2026-09-18,4,13896,55584
5978,162,1051,7,2025-08-09,2,38927,77854
5979,467,1118,6,2025-04-21,2,78672,157344
5980,124,1194,10,2025-05-07,4,77628,310512
5981,335,1198,10,2026-06-01,4,8216,32864
5982,103,1035,9,2025-02-19,4,44618,178472
5983,530,1142,10,2026-05-10,4,14447,57788
5984,455,1131,10,2025-06-27,2,45087,90174
5985,154,1188,7,2026-11-05,2,8892,17784
5986,552,1154,6,2026-06-01,5,64542,322710
5987,412,1099,4,2025-10-08,4,32825,131300
5988,597,1102,5,2026-04-09,3,34938,104814
5989,312,1035,10,2026-12-18,2,44618,89236
5990,254,1192,9,2025-11-18,5,73103,365515
5991,424,1183,4,2025-07-25,5,68339,341695
5992,466,1054,5,2026-12-05,5,25703,128515
5993,464,1089,3,2026-05-31,2,28153,56306
5994,464,1139,2,2025-12-27,3,66112,198336
5995,399,1144,10,2026-11-15,4,67040,268160
5996,446,1182,9,2025-10-20,4,57922,231688
5997,368,1109,2,2025-01-26,1,18631,18631
5998,128,1098,1,2025-07-24,2,18801,37602
5999,247,1069,5,2025-05-30,2,27960,55920
6000,205,1016,9,2025-02-03,3,30995,92985

5999,247,1069,5,2025-05-30,2,27960,55920
6000,205,1016,9,2025-02-03,3,30995,92985